movie_clip,annotator_0,annotator_1,annotator_2,annotator_3,annotator_4,annotator_5,annotator_6,annotator_7,Average
AboutTime_000,3,4,4,4,3,4,3,3,3.5
AboutTime_001,3,4,4,4,4,3,4,4,3.75
AboutTime_002,3,3,4,4,4,4,4,4,3.75
AboutTime_003,3,4,4,5,3,4,3,4,3.75
AboutTime_004,3,3,3,3,4,3,2,2,2.875
AboutTime_005,4,4,3,3,2,2,3,2,2.875
AboutTime_006,3,3,3,3,3,3,3,4,3.125
AboutTime_007,3,3,3,4,3,2,3,3,3
AboutTime_008,4,4,3,3,3,4,3,4,3.5
AboutTime_009,4,3,3,5,4,4,4,5,4
AboutTime_010,4,4,4,4,4,4,3,5,4
AboutTime_011,5,4,4,5,4,4,3,3,4
AboutTime_012,3,3,3,3,4,2,4,3,3.125
AboutTime_013,3,2,4,4,4,4,3,4,3.5
AboutTime_014,3,3,4,4,4,3,4,2,3.375
AboutTime_015,4,3,4,5,5,2,2,4,3.625
AboutTime_016,4,4,4,3,3,3,4,4,3.625
AboutTime_017,3,3,4,4,5,4,4,3,3.75
AboutTime_018,4,3,3,5,3,1,4,4,3.375
AboutTime_019,3,2,3,4,2,2,3,3,2.75
AboutTime_020,2,2,3,2,4,4,4,2,2.875
AboutTime_021,2,2,3,2,4,4,2,2,2.625
AboutTime_022,3,4,3,5,4,4,4,2,3.625
AboutTime_023,2,2,3,3,4,1,2,4,2.625
AboutTime_024,2,2,3,2,4,1,2,2,2.25
AboutTime_025,3,4,4,4,2,2,3,4,3.25
AboutTime_026,4,4,4,4,5,5,4,4,4.25
AboutTime_027,4,4,4,5,5,4,4,4,4.25
AboutTime_028,4,4,4,4,5,4,4,3,4
AboutTime_029,4,5,4,4,5,4,4,4,4.25
AboutTime_030,3,2,3,3,3,3,3,4,3
AboutTime_031,4,4,4,4,4,4,4,3,3.875
AboutTime_032,3,4,4,3,4,4,4,3,3.625
AboutTime_033,2,2,4,4,3,4,2,3,3
AboutTime_034,2,1,3,3,3,3,2,3,2.5
AboutTime_035,2,2,3,2,4,3,3,3,2.75
AboutTime_036,3,1,4,4,2,2,3,4,2.875
AboutTime_037,2,3,4,3,3,2,3,2,2.75
AboutTime_038,2,1,3,1,2,1,2,3,1.875
AboutTime_039,4,4,4,4,4,3,4,2,3.625
AboutTime_040,4,5,4,5,4,2,5,2,3.875
AboutTime_041,3,4,5,5,4,3,3,4,3.875
AboutTime_042,4,4,4,4,5,3,2,4,3.75
AboutTime_043,4,4,3,5,4,3,3,3,3.625
AboutTime_044,4,4,4,5,4,2,4,3,3.75
AboutTime_045,4,4,4,3,4,5,4,4,4
AboutTime_046,4,4,4,4,5,5,4,4,4.25
AboutTime_047,4,4,4,4,5,5,4,4,4.25
AboutTime_048,3,5,4,3,4,5,4,4,4
AboutTime_049,3,4,3,3,4,2,4,4,3.375
AboutTime_050,3,4,4,4,4,4,4,3,3.75
AboutTime_051,3,4,5,5,4,4,4,4,4.125
AboutTime_052,2,4,5,5,4,4,5,4,4.125
AboutTime_053,3,4,5,5,5,4,5,4,4.375
AboutTime_054,3,4,5,5,5,3,4,4,4.125
AboutTime_055,3,4,5,5,5,5,4,4,4.375
AboutTime_056,4,4,5,5,5,3,4,4,4.25
AboutTime_057,4,5,4,5,3,1,4,4,3.75
AboutTime_058,3,4,4,3,2,2,2,3,2.875
AboutTime_059,4,2,4,3,4,3,4,2,3.25
AboutTime_060,4,5,4,4,4,4,4,4,4.125
AboutTime_061,4,5,5,5,4,5,4,4,4.5
AboutTime_062,4,4,5,4,4,3,4,4,4
AboutTime_063,3,4,5,4,4,3,4,4,3.875
AboutTime_064,4,4,4,4,4,4,5,4,4.125
AboutTime_065,3,3,4,4,4,4,3,4,3.625
AboutTime_066,4,4,4,5,4,4,3,4,4
AboutTime_067,2,2,2,2,2,2,2,2,2
AboutTime_068,4,3,4,4,4,3,4,2,3.5
AboutTime_069,4,5,4,5,5,4,4,4,4.375
AboutTime_070,3,3,3,3,3,2,3,4,3
AboutTime_071,4,4,5,4,5,4,4,4,4.25
AboutTime_072,4,5,5,5,5,4,5,4,4.625
AboutTime_073,4,4,4,5,4,4,4,4,4.125
AboutTime_074,4,4,3,4,3,4,4,4,3.75
AboutTime_075,4,3,4,5,4,5,5,4,4.25
AboutTime_076,2,2,3,2,2,1,2,2,2
AboutTime_077,4,4,4,4,4,1,4,4,3.625
AboutTime_078,4,4,4,5,4,3,4,4,4
AboutTime_079,3,4,4,4,5,3,4,4,3.875
AboutTime_080,4,4,4,4,5,4,4,4,4.125
AboutTime_081,3,3,4,3,3,3,4,3,3.25
AboutTime_082,2,1,3,1,2,1,1,2,1.625
AboutTime_083,4,2,3,2,4,2,4,2,2.875
AboutTime_084,3,2,3,2,2,1,3,3,2.375
AboutTime_085,3,2,2,2,2,2,3,2,2.25
AboutTime_086,2,1,3,1,2,1,2,1,1.625
AboutTime_087,2,3,3,2,2,2,3,2,2.375
AboutTime_088,4,2,3,3,3,3,4,4,3.25
AboutTime_089,3,3,4,3,3,3,3,3,3.125
AboutTime_090,3,4,3,3,3,4,4,3,3.375
AboutTime_091,4,4,3,4,3,1,2,4,3.125
AboutTime_092,4,4,3,3,2,2,4,4,3.25
AboutTime_093,4,4,3,4,4,3,4,3,3.625
AboutTime_094,3,3,3,4,4,3,4,4,3.5
AboutTime_095,4,4,4,5,4,3,4,4,4
AboutTime_096,4,3,3,3,4,4,4,3,3.5
AboutTime_097,2,2,3,2,2,1,3,3,2.25
AboutTime_098,2,1,3,2,2,2,3,2,2.125
AboutTime_099,2,2,3,2,3,3,4,2,2.625
AboutTime_100,2,4,3,4,4,3,4,4,3.5
AboutTime_101,4,4,4,4,4,3,4,4,3.875
AboutTime_102,4,3,4,4,4,4,4,4,3.875
AboutTime_103,4,4,4,4,4,4,4,4,4
AboutTime_104,3,3,4,4,4,3,3,4,3.5
AboutTime_105,2,2,5,2,3,2,4,4,3
AboutTime_106,3,2,4,3,2,1,3,4,2.75
AboutTime_107,3,4,5,1,4,2,2,4,3.125
AboutTime_108,2,2,3,2,2,2,2,2,2.125
AboutTime_109,2,1,3,1,2,1,4,1,1.875
AboutTime_110,2,2,2,1,2,1,2,1,1.625
AboutTime_111,3,2,2,2,2,3,2,2,2.25
AboutTime_112,2,2,2,2,2,4,5,2,2.625
AboutTime_113,2,2,2,3,2,3,4,3,2.625
AboutTime_114,3,3,3,3,3,4,4,3,3.25
AboutTime_115,4,4,4,4,4,4,4,4,4
AboutTime_116,4,4,4,4,5,4,4,4,4.125
AboutTime_117,2,2,3,2,2,2,2,2,2.125
AboutTime_118,2,2,3,2,2,4,4,3,2.75
AboutTime_119,2,2,3,3,2,2,4,4,2.75
AboutTime_120,2,2,3,1,2,2,2,2,2
AboutTime_121,4,3,4,4,4,2,4,4,3.625
AboutTime_122,4,3,4,3,2,1,4,3,3
AboutTime_123,4,4,5,4,2,2,4,3,3.5
AboutTime_124,4,4,4,3,3,4,4,3,3.625
AboutTime_125,3,3,4,3,3,4,4,3,3.375
AboutTime_126,3,2,3,2,1,4,5,2,2.75
AboutTime_127,2,1,2,2,1,1,5,3,2.125
AboutTime_128,4,1,3,3,1,1,4,4,2.625
AboutTime_129,4,2,4,4,1,5,5,5,3.75
AboutTime_130,4,3,3,3,1,3,4,3,3
AboutTime_131,3,3,3,4,2,4,4,4,3.375
AboutTime_132,4,4,4,4,2,4,4,4,3.75
AboutTime_133,4,5,4,4,2,4,4,4,3.875
AboutTime_134,4,3,4,4,3,4,4,4,3.75
AboutTime_135,4,5,5,4,3,5,4,4,4.25
AboutTime_136,4,4,5,4,3,5,5,5,4.375
MeBeforeYou_000,4,3,5,4,3,3,4,3,3.625
MeBeforeYou_001,2,3,4,4,3,3,4,3,3.25
MeBeforeYou_002,4,3,5,3,2,2,2,4,3.125
MeBeforeYou_003,4,3,5,4,2,2,3,4,3.375
MeBeforeYou_004,4,2,4,2,2,2,2,2,2.5
MeBeforeYou_005,3,3,4,3,2,2,3,3,2.875
MeBeforeYou_006,2,2,2,1,2,2,2,2,1.875
MeBeforeYou_007,2,3,3,2,2,2,2,3,2.375
MeBeforeYou_008,2,2,1,1,1,1,2,4,1.75
MeBeforeYou_009,3,3,3,2,3,3,1,3,2.625
MeBeforeYou_010,4,4,4,4,3,2,3,3,3.375
MeBeforeYou_011,2,3,4,4,3,2,4,2,3
MeBeforeYou_012,2,2,4,2,3,2,2,4,2.625
MeBeforeYou_013,2,2,3,2,3,2,2,3,2.375
MeBeforeYou_014,4,2,3,2,4,2,2,2,2.625
MeBeforeYou_015,3,3,4,3,3,3,3,2,3
MeBeforeYou_016,4,4,4,4,3,3,3,4,3.625
MeBeforeYou_017,3,4,4,5,3,4,4,4,3.875
MeBeforeYou_018,3,4,4,5,4,4,4,4,4
MeBeforeYou_019,3,3,3,5,4,3,4,4,3.625
MeBeforeYou_020,2,2,2,3,3,3,3,4,2.75
MeBeforeYou_021,3,2,3,2,2,3,3,2,2.5
MeBeforeYou_022,3,2,2,2,2,2,2,2,2.125
MeBeforeYou_023,3,3,4,4,3,3,3,3,3.25
MeBeforeYou_024,3,4,4,4,4,4,4,4,3.875
MeBeforeYou_025,2,2,2,2,2,2,3,2,2.125
MeBeforeYou_026,4,3,4,4,4,5,4,4,4
MeBeforeYou_027,4,4,5,5,5,5,5,4,4.625
MeBeforeYou_028,3,4,5,5,4,5,4,2,4
MeBeforeYou_029,3,3,4,4,3,5,4,4,3.75
MeBeforeYou_030,3,4,3,4,4,4,4,4,3.75
MeBeforeYou_031,4,4,4,3,4,3,2,5,3.625
MeBeforeYou_032,2,3,4,3,3,3,3,3,3
MeBeforeYou_033,2,4,3,4,4,3,4,4,3.5
MeBeforeYou_034,3,4,4,5,3,4,4,4,3.875
MeBeforeYou_035,3,4,4,4,4,4,4,4,3.875
MeBeforeYou_036,3,2,4,3,3,2,3,4,3
MeBeforeYou_037,3,1,1,3,2,1,2,2,1.875
MeBeforeYou_038,3,3,3,4,4,2,3,4,3.25
MeBeforeYou_039,2,4,5,4,4,5,4,5,4.125
MeBeforeYou_040,3,3,4,3,3,4,3,3,3.25
MeBeforeYou_041,4,4,4,4,4,4,4,4,4
MeBeforeYou_042,2,4,5,4,4,3,4,3,3.625
MeBeforeYou_043,3,3,4,4,4,4,4,2,3.5
MeBeforeYou_044,2,2,4,2,2,2,5,2,2.625
MeBeforeYou_045,3,3,4,3,4,3,3,3,3.25
MeBeforeYou_046,3,4,5,4,4,4,4,5,4.125
MeBeforeYou_047,1,2,3,3,3,1,4,4,2.625
MeBeforeYou_048,2,2,2,4,2,2,3,3,2.5
MeBeforeYou_049,3,4,5,4,4,5,4,4,4.125
MeBeforeYou_050,4,4,5,5,5,5,5,4,4.625
MeBeforeYou_051,3,3,3,3,3,3,4,3,3.125
MeBeforeYou_052,4,3,3,4,3,3,3,4,3.375
MeBeforeYou_053,3,3,3,4,3,2,3,2,2.875
MeBeforeYou_054,4,4,3,5,4,5,4,2,3.875
MeBeforeYou_055,3,2,2,3,2,5,3,2,2.75
MeBeforeYou_056,2,2,2,2,2,3,2,1,2
MeBeforeYou_057,3,3,3,2,3,3,4,4,3.125
MeBeforeYou_058,2,2,4,3,4,3,4,4,3.25
MeBeforeYou_059,3,3,4,4,4,4,4,4,3.75
MeBeforeYou_060,4,4,4,4,4,4,4,4,4
MeBeforeYou_061,4,5,5,5,5,5,4,5,4.75
MeBeforeYou_062,4,5,5,5,5,5,4,5,4.75
MeBeforeYou_063,4,4,5,5,5,5,3,4,4.375
MeBeforeYou_064,1,2,3,3,3,1,2,3,2.25
MeBeforeYou_065,1,2,2,2,2,1,1,3,1.75
MeBeforeYou_066,3,2,2,2,2,1,2,2,2
MeBeforeYou_067,2,2,3,4,3,4,2,2,2.75
MeBeforeYou_068,4,1,2,2,2,2,1,2,2
MeBeforeYou_069,3,1,2,2,2,1,1,2,1.75
MeBeforeYou_070,3,3,4,4,3,4,4,4,3.625
MeBeforeYou_071,3,3,4,4,3,3,3,4,3.375
MeBeforeYou_072,3,4,4,4,4,4,4,4,3.875
MeBeforeYou_073,3,4,4,4,4,5,4,5,4.125
MeBeforeYou_074,3,4,4,5,4,5,4,4,4.125
MeBeforeYou_075,2,2,2,2,1,1,2,2,1.75
MeBeforeYou_076,2,1,1,1,1,1,2,1,1.25
MeBeforeYou_077,2,1,1,1,2,1,2,1,1.375
MeBeforeYou_078,1,2,1,1,1,1,1,1,1.125
MeBeforeYou_079,1,1,1,1,1,1,2,1,1.125
MeBeforeYou_080,3,2,1,1,2,2,1,2,1.75
MeBeforeYou_081,4,3,2,3,3,4,2,4,3.125
MeBeforeYou_082,3,2,2,2,3,3,3,4,2.75
MeBeforeYou_083,2,2,1,1,3,5,3,5,2.75
MeBeforeYou_084,3,2,1,2,2,5,3,4,2.75
MeBeforeYou_085,4,4,1,2,2,5,4,4,3.25
MeBeforeYou_086,2,3,1,3,1,5,4,2,2.625
MeBeforeYou_087,2,2,1,3,1,5,2,1,2.125
TheTheoryOfEverything_000,4,4,4,4,4,4,4,4,4
TheTheoryOfEverything_001,4,3,4,4,3,4,4,4,3.75
TheTheoryOfEverything_002,3,2,3,4,3,4,3,3,3.125
TheTheoryOfEverything_003,4,4,3,4,4,5,4,4,4
TheTheoryOfEverything_004,3,2,3,2,4,3,2,2,2.625
TheTheoryOfEverything_005,4,3,3,4,4,3,3,4,3.5
TheTheoryOfEverything_006,4,4,3,4,4,4,4,4,3.875
TheTheoryOfEverything_007,3,4,3,3,4,4,4,4,3.625
TheTheoryOfEverything_008,4,3,3,4,4,2,2,4,3.25
TheTheoryOfEverything_009,4,4,3,4,4,3,3,4,3.625
TheTheoryOfEverything_010,4,3,3,3,4,3,3,3,3.25
TheTheoryOfEverything_011,4,3,3,4,4,4,4,4,3.75
TheTheoryOfEverything_012,3,3,4,4,4,3,3,4,3.5
TheTheoryOfEverything_013,4,4,4,4,4,4,4,4,4
TheTheoryOfEverything_014,4,3,4,5,4,4,4,4,4
TheTheoryOfEverything_015,4,4,4,4,5,5,3,4,4.125
TheTheoryOfEverything_016,4,4,5,5,4,3,4,2,3.875
TheTheoryOfEverything_017,3,2,2,3,3,2,3,2,2.5
TheTheoryOfEverything_018,2,1,2,2,2,2,2,2,1.875
TheTheoryOfEverything_019,3,2,2,2,2,2,1,1,1.875
TheTheoryOfEverything_020,2,1,1,1,2,1,1,1,1.25
TheTheoryOfEverything_021,2,1,1,1,2,1,1,1,1.25
TheTheoryOfEverything_022,2,1,2,2,2,4,1,1,1.875
TheTheoryOfEverything_023,4,2,3,3,3,5,2,2,3
TheTheoryOfEverything_024,4,3,3,4,4,5,3,4,3.75
TheTheoryOfEverything_025,4,4,3,4,4,5,3,3,3.75
TheTheoryOfEverything_026,3,3,2,3,2,3,2,4,2.75
TheTheoryOfEverything_027,3,2,2,2,2,2,2,2,2.125
TheTheoryOfEverything_028,3,1,1,2,2,2,2,2,1.875
TheTheoryOfEverything_029,4,2,2,2,2,4,3,2,2.625
TheTheoryOfEverything_030,4,3,3,3,2,4,4,4,3.375
TheTheoryOfEverything_031,4,3,4,4,2,3,3,2,3.125
TheTheoryOfEverything_032,3,2,1,2,2,3,2,2,2.125
TheTheoryOfEverything_033,2,2,1,3,2,2,2,2,2
TheTheoryOfEverything_034,3,3,2,2,3,3,3,4,2.875
TheTheoryOfEverything_035,2,3,2,3,3,2,3,3,2.625
TheTheoryOfEverything_036,3,2,2,2,3,3,2,2,2.375
TheTheoryOfEverything_037,3,1,2,2,2,2,1,1,1.75
TheTheoryOfEverything_038,2,1,2,2,2,4,2,1,2
TheTheoryOfEverything_039,3,3,1,2,2,3,2,1,2.125
TheTheoryOfEverything_040,4,2,2,3,3,4,3,4,3.125
TheTheoryOfEverything_041,2,1,1,2,2,2,2,2,1.75
TheTheoryOfEverything_042,2,3,2,2,2,1,2,2,2
TheTheoryOfEverything_043,2,1,2,1,1,1,1,1,1.25
TheTheoryOfEverything_044,2,2,1,1,1,1,1,2,1.375
TheTheoryOfEverything_045,3,3,3,3,3,3,4,3,3.125
TheTheoryOfEverything_046,4,4,3,3,3,3,4,4,3.5
TheTheoryOfEverything_047,4,3,3,3,2,4,4,3,3.25
TheTheoryOfEverything_048,2,2,1,2,2,1,3,1,1.75
TheTheoryOfEverything_049,2,2,1,2,2,1,1,1,1.5
TheTheoryOfEverything_050,3,2,1,2,2,1,3,2,2
TheTheoryOfEverything_051,2,1,1,1,2,1,1,1,1.25
TheTheoryOfEverything_052,2,2,3,3,2,2,2,1,2.125
TheTheoryOfEverything_053,4,2,3,3,3,4,2,5,3.25
TheTheoryOfEverything_054,3,3,3,3,3,3,3,4,3.125
TheTheoryOfEverything_055,4,3,3,4,3,4,3,5,3.625
TheTheoryOfEverything_056,3,3,3,3,3,4,3,4,3.25
TheTheoryOfEverything_057,3,4,3,4,3,4,3,4,3.5
TheTheoryOfEverything_058,4,4,3,4,4,5,3,5,4
TheFaultInOurStars_000,4,4,3,4,3,3,3,4,3.5
TheFaultInOurStars_001,4,3,3,4,2,3,2,4,3.125
TheFaultInOurStars_002,4,3,4,5,3,3,3,4,3.625
TheFaultInOurStars_003,4,4,4,4,3,4,4,4,3.875
TheFaultInOurStars_004,3,3,4,5,3,3,4,3,3.5
TheFaultInOurStars_005,4,4,3,5,3,4,3,4,3.75
TheFaultInOurStars_006,2,2,2,3,3,2,2,4,2.5
TheFaultInOurStars_007,4,3,3,4,3,4,3,4,3.5
TheFaultInOurStars_008,3,4,4,4,3,3,2,4,3.375
TheFaultInOurStars_009,3,4,3,3,3,3,2,3,3
TheFaultInOurStars_010,4,4,3,4,4,3,3,3,3.5
TheFaultInOurStars_011,4,3,3,5,3,4,3,2,3.375
TheFaultInOurStars_012,4,4,3,5,3,4,3,4,3.75
TheFaultInOurStars_013,3,3,4,5,2,4,3,4,3.5
TheFaultInOurStars_014,3,3,4,3,3,3,4,4,3.375
TheFaultInOurStars_015,3,3,3,4,3,2,2,4,3
TheFaultInOurStars_016,4,3,4,4,3,2,1,5,3.25
TheFaultInOurStars_017,3,3,3,3,3,3,3,4,3.125
TheFaultInOurStars_018,4,4,4,4,3,5,4,4,4
TheFaultInOurStars_019,4,4,4,5,4,5,5,3,4.25
TheFaultInOurStars_020,3,3,4,5,3,5,3,4,3.75
TheFaultInOurStars_021,4,3,4,4,3,4,3,3,3.5
TheFaultInOurStars_022,4,4,3,4,3,4,4,4,3.75
TheFaultInOurStars_023,4,4,5,4,3,4,4,4,4
TheFaultInOurStars_024,4,4,3,4,2,3,3,4,3.375
TheFaultInOurStars_025,3,3,3,4,4,4,4,3,3.5
TheFaultInOurStars_026,3,3,3,4,3,3,3,4,3.25
TheFaultInOurStars_027,4,4,3,4,4,3,4,4,3.75
TheFaultInOurStars_028,4,3,3,4,4,3,3,3,3.375
TheFaultInOurStars_029,4,4,4,4,3,5,4,4,4
TheFaultInOurStars_030,4,4,4,5,4,5,5,4,4.375
TheFaultInOurStars_031,4,4,2,3,3,4,3,4,3.375
TheFaultInOurStars_032,3,3,2,2,2,5,3,2,2.75
TheFaultInOurStars_033,3,3,2,2,2,4,3,3,2.75
TheFaultInOurStars_034,4,3,3,4,3,4,3,4,3.5
TheFaultInOurStars_035,4,3,4,4,3,4,4,2,3.5
TheFaultInOurStars_036,4,3,4,4,3,4,3,4,3.625
TheFaultInOurStars_037,4,2,3,3,2,4,3,4,3.125
TheFaultInOurStars_038,4,3,3,4,3,4,3,3,3.375
TheFaultInOurStars_039,4,4,4,4,4,5,4,4,4.125
TheFaultInOurStars_040,4,4,4,4,4,5,4,4,4.125
TheFaultInOurStars_041,4,4,5,4,4,5,4,4,4.25
TheFaultInOurStars_042,3,4,4,4,4,4,3,3,3.625
TheFaultInOurStars_043,3,4,5,4,4,4,4,4,4
TheFaultInOurStars_044,4,3,4,5,3,3,3,3,3.5
TheFaultInOurStars_045,3,3,3,2,3,3,2,4,2.875
TheFaultInOurStars_046,4,3,4,4,4,4,3,4,3.75
TheFaultInOurStars_047,3,2,3,4,4,3,3,4,3.25
TheFaultInOurStars_048,4,4,4,5,4,5,4,5,4.375
TheFaultInOurStars_049,4,4,4,5,2,4,3,4,3.75
TheFaultInOurStars_050,3,3,4,4,4,4,4,4,3.75
TheFaultInOurStars_051,4,3,4,4,4,4,4,4,3.875
TheFaultInOurStars_052,2,1,1,3,2,1,2,2,1.75
TheFaultInOurStars_053,4,4,4,4,3,5,4,4,4
TheFaultInOurStars_054,4,3,4,4,3,5,4,4,3.875
TheFaultInOurStars_055,4,4,4,4,3,5,3,2,3.625
TheFaultInOurStars_056,4,4,5,4,3,4,4,4,4
TheFaultInOurStars_057,3,3,4,4,3,5,4,3,3.625
TheFaultInOurStars_058,3,3,4,4,3,4,3,4,3.5
TheFaultInOurStars_059,3,3,2,4,3,3,3,4,3.125
TheFaultInOurStars_060,3,3,2,4,3,3,3,4,3.125
TheFaultInOurStars_061,2,2,1,2,2,1,1,2,1.625
TheFaultInOurStars_062,2,2,2,2,2,1,3,2,2
TheFaultInOurStars_063,2,2,2,3,2,3,3,2,2.375
TheFaultInOurStars_064,3,3,3,3,3,4,3,3,3.125
TheFaultInOurStars_065,2,2,3,3,3,2,3,2,2.5
TheFaultInOurStars_066,4,3,3,3,3,3,4,4,3.375
TheFaultInOurStars_067,2,3,3,4,2,2,3,4,2.875
TheFaultInOurStars_068,4,3,4,4,4,4,3,4,3.75
TheFaultInOurStars_069,3,2,2,2,3,3,3,2,2.5
TheFaultInOurStars_070,2,2,3,3,2,2,3,2,2.375
TheFaultInOurStars_071,3,2,2,3,2,5,4,2,2.875
TheFaultInOurStars_072,4,3,2,3,2,5,4,1,3
TheFaultInOurStars_073,3,3,3,3,2,3,3,2,2.75
TheFaultInOurStars_074,2,2,2,2,2,2,4,3,2.375
TheFaultInOurStars_075,2,2,2,2,3,4,3,3,2.625
TheFaultInOurStars_076,2,1,2,1,2,5,4,2,2.375
TheFaultInOurStars_077,2,2,1,3,2,4,4,2,2.5
TheSpectacularNow_000,4,3,3,4,4,3,4,4,3.625
TheSpectacularNow_001,3,3,3,4,4,3,4,3,3.375
TheSpectacularNow_002,3,2,3,3,3,2,2,4,2.75
TheSpectacularNow_003,3,3,3,4,3,3,3,4,3.25
TheSpectacularNow_004,3,2,3,3,3,1,3,3,2.625
TheSpectacularNow_005,3,2,2,3,3,1,2,2,2.25
TheSpectacularNow_006,3,3,4,4,3,3,3,4,3.375
TheSpectacularNow_007,4,3,3,4,3,3,3,3,3.25
TheSpectacularNow_008,4,3,3,4,3,3,4,4,3.5
TheSpectacularNow_009,3,4,3,4,3,2,3,4,3.25
TheSpectacularNow_010,3,3,4,5,3,3,4,4,3.625
TheSpectacularNow_011,4,3,4,5,4,3,4,4,3.875
TheSpectacularNow_012,3,3,2,3,3,3,2,3,2.75
TheSpectacularNow_013,4,3,2,4,3,3,3,4,3.25
TheSpectacularNow_014,4,3,3,4,3,4,4,3,3.5
TheSpectacularNow_015,4,3,3,4,3,3,3,3,3.25
TheSpectacularNow_016,2,4,4,4,3,2,4,4,3.375
TheSpectacularNow_017,3,3,3,4,3,3,3,3,3.125
TheSpectacularNow_018,4,2,4,5,4,3,2,4,3.5
TheSpectacularNow_019,3,3,4,4,3,3,3,3,3.25
TheSpectacularNow_020,3,4,3,4,3,4,4,4,3.625
TheSpectacularNow_021,3,3,3,4,3,3,4,4,3.375
TheSpectacularNow_022,3,3,4,5,3,3,3,4,3.5
TheSpectacularNow_023,3,2,2,3,3,2,3,2,2.5
TheSpectacularNow_024,4,3,4,4,3,4,3,4,3.625
TheSpectacularNow_025,3,3,4,4,4,3,4,3,3.5
TheSpectacularNow_026,4,4,3,4,4,3,4,4,3.75
TheSpectacularNow_027,3,3,3,4,3,2,4,4,3.25
TheSpectacularNow_028,3,2,2,4,3,3,3,2,2.75
TheSpectacularNow_029,3,3,2,4,3,2,3,4,3
TheSpectacularNow_030,4,3,4,5,4,4,3,4,3.875
TheSpectacularNow_031,3,4,4,5,4,4,4,4,4
TheSpectacularNow_032,3,3,2,4,3,3,3,3,3
TheSpectacularNow_033,3,2,2,3,3,3,3,2,2.625
TheSpectacularNow_034,2,2,2,3,3,2,3,4,2.625
TheSpectacularNow_035,3,1,2,3,3,1,3,2,2.25
TheSpectacularNow_036,2,3,2,4,3,2,3,3,2.75
TheSpectacularNow_037,4,3,2,4,4,2,3,4,3.25
TheSpectacularNow_038,3,3,3,5,3,2,3,2,3
TheSpectacularNow_039,3,3,3,5,4,3,2,4,3.375
TheSpectacularNow_040,3,3,3,4,4,4,2,3,3.25
TheSpectacularNow_041,3,4,3,4,4,4,1,4,3.375
TheSpectacularNow_042,3,2,3,4,3,3,2,2,2.75
TheSpectacularNow_043,2,4,4,4,3,4,2,4,3.375
TheSpectacularNow_044,3,3,3,4,3,3,3,4,3.25
TheSpectacularNow_045,3,3,2,4,3,2,3,3,2.875
TheSpectacularNow_046,3,3,2,4,3,3,3,4,3.125
TheSpectacularNow_047,3,4,2,4,4,4,3,4,3.5
TheSpectacularNow_048,3,3,3,5,4,3,3,4,3.5
TheSpectacularNow_049,4,3,3,5,3,3,2,3,3.25
TheSpectacularNow_050,3,3,3,4,3,4,2,4,3.25
TheSpectacularNow_051,4,4,3,4,3,4,3,4,3.625
TheSpectacularNow_052,2,2,2,3,2,2,2,2,2.125
TheSpectacularNow_053,3,3,3,3,3,2,3,3,2.875
TheSpectacularNow_054,3,2,3,3,2,1,3,2,2.375
TheSpectacularNow_055,2,2,3,4,2,2,3,2,2.5
TheSpectacularNow_056,3,2,4,4,4,3,4,2,3.25
TheSpectacularNow_057,3,3,4,4,3,3,4,4,3.5
TheSpectacularNow_058,3,3,3,4,3,4,4,2,3.25
TheSpectacularNow_059,3,3,3,4,3,3,3,3,3.125
TheSpectacularNow_060,3,2,2,3,3,3,2,3,2.625
TheSpectacularNow_061,3,3,3,4,3,3,3,4,3.25
TheSpectacularNow_062,3,2,3,4,3,2,4,1,2.75
TheSpectacularNow_063,3,2,2,3,3,2,3,2,2.5
TheSpectacularNow_064,2,2,2,3,2,1,3,2,2.125
TheSpectacularNow_065,2,1,2,2,2,1,2,2,1.75
TheSpectacularNow_066,2,2,2,2,2,1,2,2,1.875
TheSpectacularNow_067,2,2,2,2,2,1,2,2,1.875
TheSpectacularNow_068,2,1,2,2,2,1,1,1,1.5
TheSpectacularNow_069,3,2,2,2,2,1,2,2,2
TheSpectacularNow_070,2,1,1,3,2,1,1,2,1.625
TheSpectacularNow_071,2,1,1,2,1,1,1,1,1.25
TheSpectacularNow_072,2,2,2,4,2,2,2,4,2.5
TheSpectacularNow_073,3,2,3,4,2,3,2,2,2.625
TheSpectacularNow_074,3,3,3,4,3,3,2,3,3
TheSpectacularNow_075,3,2,2,4,3,2,2,2,2.5
TheSpectacularNow_076,3,3,3,4,3,3,3,1,2.875
TheSpectacularNow_077,2,2,2,2,3,1,1,4,2.125
TheSpectacularNow_078,3,1,2,2,2,2,2,2,2
TheSpectacularNow_079,3,2,2,3,2,2,3,3,2.5
TheSpectacularNow_080,3,1,2,2,3,2,3,2,2.25
TheSpectacularNow_081,4,3,3,4,3,1,5,1,3
TheSpectacularNow_082,4,3,2,4,3,2,2,5,3.125
LadyBird_000,3,3,4,4,3,3,3,2,3.125
LadyBird_001,3,3,4,4,3,3,3,3,3.25
LadyBird_002,3,3,3,4,3,3,3,2,3
LadyBird_003,3,2,2,4,3,2,3,2,2.625
LadyBird_004,2,2,2,3,2,2,2,2,2.125
LadyBird_005,3,1,2,3,2,1,2,2,2
LadyBird_006,2,2,2,3,2,1,1,2,1.875
LadyBird_007,4,3,4,5,3,3,3,3,3.5
LadyBird_008,4,3,4,3,3,4,4,3,3.5
LadyBird_009,4,4,4,4,3,3,2,3,3.375
LadyBird_010,3,3,3,4,3,3,3,2,3
LadyBird_011,4,4,4,5,3,3,2,4,3.625
LadyBird_012,4,5,4,4,3,3,3,4,3.75
LadyBird_013,4,3,2,4,4,3,2,4,3.25
LadyBird_014,4,3,3,4,3,3,3,4,3.375
LadyBird_015,3,3,4,5,3,3,4,4,3.625
LadyBird_016,3,3,3,4,3,3,3,3,3.125
LadyBird_017,3,3,4,4,3,3,4,3,3.375
LadyBird_018,4,4,4,5,3,4,3,4,3.875
LadyBird_019,4,4,4,5,3,4,3,4,3.875
LadyBird_020,3,3,4,5,3,2,3,4,3.375
LadyBird_021,3,4,4,5,4,2,2,4,3.5
LadyBird_022,4,4,3,5,2,3,4,4,3.625
LadyBird_023,4,3,4,4,3,3,3,2,3.25
LadyBird_024,3,3,3,4,3,3,3,3,3.125
LadyBird_025,4,4,4,4,3,4,3,4,3.75
LadyBird_026,4,4,4,4,2,4,3,3,3.5
LadyBird_027,3,4,5,5,3,3,3,4,3.75
LadyBird_028,3,3,4,4,3,3,3,4,3.375
LadyBird_029,4,4,4,5,3,4,2,4,3.75
LadyBird_030,4,3,4,5,3,3,3,4,3.625
LadyBird_031,4,4,4,5,3,4,2,4,3.75
LadyBird_032,2,1,2,3,2,1,2,2,1.875
LadyBird_033,2,1,2,2,2,2,2,2,1.875
LadyBird_034,4,3,4,4,4,4,3,4,3.75
LadyBird_035,3,4,3,5,3,3,3,4,3.5
LadyBird_036,4,4,3,5,3,3,2,4,3.5
LadyBird_037,4,4,3,5,3,3,3,4,3.625
LadyBird_038,3,3,4,4,3,3,3,2,3.125
LadyBird_039,3,3,3,4,2,2,2,3,2.75
LadyBird_040,2,2,2,2,2,2,2,3,2.125
LadyBird_041,3,4,4,4,3,4,4,4,3.75
LadyBird_042,4,3,4,4,2,2,3,3,3.125
LadyBird_043,3,4,4,4,3,4,4,4,3.75
LadyBird_044,3,3,5,4,3,4,4,4,3.75
LadyBird_045,3,3,5,4,3,4,4,4,3.75
LadyBird_046,4,4,4,4,4,4,3,4,3.875
LadyBird_047,4,4,5,5,4,4,2,4,4
LadyBird_048,4,4,5,5,4,3,3,4,4
LadyBird_049,3,3,3,4,3,3,2,3,3
LadyBird_050,4,3,3,4,2,3,3,2,3
LadyBird_051,4,4,3,5,4,4,2,4,3.75
LadyBird_052,2,3,2,3,3,2,2,4,2.625
LadyBird_053,4,4,5,4,4,3,4,4,4
LadyBird_054,4,4,5,5,4,5,4,4,4.375
LadyBird_055,3,3,4,5,4,4,3,4,3.75
LadyBird_056,3,3,4,4,3,3,3,3,3.25
LadyBird_057,4,3,5,4,4,3,3,4,3.75
LadyBird_058,3,3,3,4,3,3,3,4,3.25
LadyBird_059,4,2,4,4,3,2,3,2,3
LadyBird_060,2,2,4,2,3,2,2,4,2.625
LadyBird_061,2,2,4,2,2,4,4,2,2.75
LadyBird_062,3,2,4,3,3,4,3,3,3.125
LadyBird_063,3,3,4,4,2,3,2,2,2.875
LadyBird_064,4,2,4,5,2,3,3,3,3.25
LadyBird_065,3,2,3,3,3,2,3,2,2.625
LadyBird_066,2,2,3,2,3,2,3,2,2.375
LadyBird_067,2,2,3,2,2,2,3,2,2.25
LadyBird_068,2,3,3,2,4,3,3,1,2.625
LadyBird_069,3,2,4,3,3,1,3,2,2.625
LadyBird_070,2,3,2,3,2,1,2,2,2.125
LadyBird_071,2,2,2,2,2,2,1,2,1.875
LadyBird_072,3,2,3,4,2,3,3,2,2.75
LadyBird_073,3,3,3,4,3,3,2,3,3
LadyBird_074,4,3,4,5,4,3,3,3,3.625
LadyBird_075,3,3,2,3,3,2,2,2,2.5
LadyBird_076,3,3,3,4,3,2,3,3,3
LadyBird_077,2,2,2,3,2,2,2,2,2.125
LadyBird_078,3,3,3,4,2,3,3,3,3
LadyBird_079,4,4,4,2,2,2,2,4,3
LadyBird_080,2,2,1,2,2,1,2,1,1.625
LadyBird_081,2,2,1,2,2,1,1,1,1.5
LadyBird_082,2,2,3,3,2,2,2,2,2.25
LadyBird_083,2,2,2,4,2,2,2,2,2.25
LadyBird_084,2,2,2,3,2,3,2,4,2.5
LadyBird_085,3,3,3,4,3,3,3,3,3.125
LadyBird_086,3,3,3,4,3,4,2,3,3.125
LadyBird_087,2,3,3,4,3,3,2,2,2.75
LadyBird_088,3,4,3,4,3,3,2,3,3.125
LadyBird_089,2,4,4,4,3,3,2,4,3.25
LadyBird_090,3,3,2,4,2,4,3,3,3
LadyBird_091,2,2,2,2,3,2,2,1,2
LadyBird_092,1,2,2,2,3,1,2,2,1.875
LadyBird_093,2,2,1,2,3,2,3,2,2.125
LadyBird_094,3,3,3,4,3,3,2,2,2.875
LadyBird_095,3,3,1,4,3,3,3,3,2.875
LadyBird_096,3,3,2,4,3,2,3,3,2.875
LadyBird_097,3,3,2,4,3,3,3,4,3.125
LadyBird_098,2,2,2,3,3,2,3,2,2.375
LadyBird_099,2,3,4,4,2,2,3,3,2.875
LadyBird_100,3,3,2,4,3,3,3,2,2.875
LadyBird_101,4,4,4,5,3,3,4,4,3.875
LadyBird_102,4,4,4,5,4,4,3,4,4
LadyBird_103,3,4,4,5,3,3,3,4,3.625
LadyBird_104,4,3,4,5,4,2,4,3,3.625
LadyBird_105,2,3,2,2,2,1,2,2,2
LadyBird_106,3,3,4,4,4,5,3,2,3.5
LadyBird_107,3,3,3,3,4,2,3,3,3
LadyBird_108,2,3,2,3,2,2,2,1,2.125
LadyBird_109,2,3,2,2,2,1,3,2,2.125
LadyBird_110,4,3,2,4,4,4,3,4,3.5
LadyBird_111,4,4,3,4,3,3,3,4,3.5
LadyBird_112,4,4,3,4,2,3,2,4,3.25
LadyBird_113,4,3,5,5,4,5,3,3,4
Wonder_000,2,3,2,2,3,3,3,2,2.5
Wonder_001,4,4,2,4,2,2,4,4,3.25
Wonder_002,3,3,2,4,3,3,4,3,3.125
Wonder_003,4,4,4,5,3,4,4,4,4
Wonder_004,3,3,3,4,3,3,4,3,3.25
Wonder_005,4,4,4,4,3,3,4,2,3.5
Wonder_006,4,4,4,5,3,4,4,4,4
Wonder_007,3,3,3,5,3,3,3,4,3.375
Wonder_008,3,3,3,5,4,3,3,4,3.5
Wonder_009,3,3,3,5,3,3,3,4,3.375
Wonder_010,4,4,4,5,3,3,4,4,3.875
Wonder_011,3,3,4,5,3,4,3,2,3.375
Wonder_012,3,3,4,5,4,4,4,4,3.875
Wonder_013,3,2,2,2,2,2,1,1,1.875
Wonder_014,2,2,2,2,2,2,1,1,1.75
Wonder_015,3,2,2,2,2,2,2,2,2.125
Wonder_016,2,2,2,2,2,2,2,2,2
Wonder_017,3,3,2,3,3,2,3,3,2.75
Wonder_018,3,4,3,3,3,3,4,4,3.375
Wonder_019,3,3,2,3,3,3,3,2,2.75
Wonder_020,3,2,2,3,3,3,3,2,2.625
Wonder_021,2,2,2,2,2,2,3,2,2.125
Wonder_022,3,2,2,3,3,2,3,3,2.625
Wonder_023,2,2,1,1,2,1,3,1,1.625
Wonder_024,3,3,2,3,3,4,4,2,3
Wonder_025,3,3,3,5,3,4,4,4,3.625
Wonder_026,3,3,3,4,3,3,3,2,3
Wonder_027,3,3,3,4,3,3,3,4,3.25
Wonder_028,3,3,3,4,3,4,4,4,3.5
Wonder_029,3,3,2,4,3,2,2,2,2.625
Wonder_030,2,2,2,3,3,2,3,3,2.5
Wonder_031,4,3,3,4,3,3,3,3,3.25
Wonder_032,4,4,4,4,3,3,4,4,3.75
Wonder_033,2,3,3,2,2,3,3,2,2.5
Wonder_034,3,3,2,2,3,2,3,2,2.5
Wonder_035,3,2,3,3,3,3,3,4,3
Wonder_036,4,4,4,4,4,4,3,4,3.875
Wonder_037,4,3,4,4,3,4,3,4,3.625
Wonder_038,4,4,4,4,3,4,4,2,3.625
Wonder_039,3,3,4,5,4,4,4,3,3.75
Wonder_040,4,4,4,5,3,4,4,4,4
Wonder_041,3,4,4,5,4,4,4,4,4
Wonder_042,3,4,5,5,4,5,4,4,4.25
Wonder_043,3,4,5,5,4,5,4,4,4.25
Wonder_044,4,4,4,5,4,5,4,4,4.25
Wonder_045,3,3,5,5,4,5,3,3,3.875
Wonder_046,3,4,5,5,4,5,4,4,4.25
Wonder_047,4,4,4,5,4,5,4,4,4.25
Wonder_048,3,3,3,5,3,3,4,4,3.5
Wonder_049,3,4,3,4,3,3,3,2,3.125
Wonder_050,4,3,4,5,3,4,3,4,3.75
Wonder_051,3,3,4,5,4,4,4,4,3.875
Wonder_052,3,3,3,4,3,3,3,3,3.125
Wonder_053,3,3,3,4,3,3,3,4,3.25
Wonder_054,3,2,3,4,3,3,3,2,2.875
Wonder_055,4,3,3,4,4,4,3,4,3.625
Wonder_056,2,2,1,2,2,1,1,1,1.5
Wonder_057,3,3,3,4,4,4,3,4,3.5
Wonder_058,3,2,2,3,3,2,3,2,2.5
Wonder_059,2,2,2,3,3,2,2,2,2.25
Wonder_060,3,1,2,2,3,1,2,1,1.875
Wonder_061,2,2,1,2,2,1,2,2,1.75
Wonder_062,4,3,2,3,4,1,4,4,3.125
Wonder_063,4,4,4,4,4,3,4,4,3.875
Wonder_064,2,3,3,3,3,2,3,3,2.75
Wonder_065,4,3,3,4,3,3,3,2,3.125
Wonder_066,4,4,3,5,3,3,3,4,3.625
Wonder_067,4,4,3,5,3,2,3,4,3.5
Wonder_068,4,4,4,5,3,5,4,4,4.125
Wonder_069,2,3,3,3,3,2,2,2,2.5
Wonder_070,2,3,2,3,3,4,1,1,2.375
Wonder_071,3,3,3,4,3,4,4,4,3.5
Wonder_072,3,2,3,4,3,4,4,2,3.125
Wonder_073,3,3,3,4,3,3,4,3,3.25
Wonder_074,4,4,4,4,3,3,4,4,3.75
Wonder_075,3,3,4,4,3,3,4,3,3.375
Wonder_076,2,3,3,4,3,2,3,3,2.875
Wonder_077,4,3,4,4,3,3,3,4,3.5
Wonder_078,3,4,5,5,3,5,3,4,4
Wonder_079,4,4,3,5,3,3,3,4,3.625
Wonder_080,4,4,4,5,3,4,4,4,4
Wonder_081,3,4,3,5,3,3,4,4,3.625
Wonder_082,4,5,5,5,4,4,4,4,4.375
Wonder_083,3,4,3,4,3,3,3,3,3.25
Wonder_084,3,4,4,5,3,3,3,4,3.625
Wonder_085,2,3,3,4,3,3,4,2,3
Wonder_086,2,3,3,4,3,2,4,1,2.75
Wonder_087,4,4,4,5,3,4,4,2,3.75
Wonder_088,3,3,3,2,3,2,2,2,2.5
Wonder_089,3,3,3,5,3,4,4,4,3.625
Wonder_090,2,3,3,4,3,2,3,2,2.75
Wonder_091,4,3,4,5,3,4,4,3,3.75
Wonder_092,3,3,4,5,4,4,4,4,3.875
Wonder_093,3,2,3,4,3,3,3,2,2.875
Wonder_094,2,2,3,3,3,2,2,2,2.375
Wonder_095,2,3,3,3,3,3,3,2,2.75
Wonder_096,3,3,3,3,3,3,3,2,2.875
Wonder_097,4,3,3,2,3,4,2,2,2.875
Wonder_098,3,4,3,2,3,4,3,1,2.875
Wonder_099,2,2,2,2,3,2,3,2,2.25
Wonder_100,3,3,3,3,3,2,2,2,2.625
Wonder_101,4,4,3,3,3,3,3,3,3.25
Wonder_102,3,3,3,3,3,3,3,3,3
Wonder_103,3,2,2,3,3,3,3,2,2.625
Wonder_104,2,2,2,2,3,2,3,2,2.25
Wonder_105,2,2,2,2,3,3,3,2,2.375
Wonder_106,2,2,2,2,3,2,3,2,2.25
Wonder_107,2,2,3,3,3,2,3,2,2.5
Wonder_108,3,3,3,3,3,2,4,4,3.125
Wonder_109,3,2,2,2,3,1,3,2,2.25
Wonder_110,2,2,2,3,3,4,3,1,2.5
Wonder_111,4,4,3,5,3,4,4,4,3.875
Wonder_112,4,4,4,5,3,4,3,3,3.75
Wonder_113,3,3,3,4,3,4,3,3,3.25
Wonder_114,3,3,3,4,3,4,3,2,3.125
Wonder_115,3,3,3,4,3,4,3,4,3.375
Wonder_116,3,4,3,4,3,4,3,4,3.5
Wonder_117,4,4,5,5,3,4,3,4,4
Wonder_118,3,3,3,5,3,3,3,4,3.375
Wonder_119,3,4,3,4,3,3,4,4,3.5
Wonder_120,3,4,4,5,3,3,3,5,3.75
Wonder_121,4,4,4,5,3,5,4,4,4.125
Wonder_122,4,4,4,5,4,5,3,4,4.125
Wonder_123,4,4,4,5,3,3,4,4,3.875
Wonder_124,4,3,4,5,3,3,4,4,3.75
Wonder_125,4,4,4,5,4,3,4,4,4
Wonder_126,4,4,4,5,4,4,4,4,4.125
Wonder_127,4,3,4,5,4,4,4,4,4
Wonder_128,4,4,4,5,4,4,4,4,4.125
Wonder_129,4,4,4,5,3,5,4,4,4.125
Wonder_130,4,3,4,4,3,4,4,3,3.625
Wonder_131,3,3,4,5,3,5,4,3,3.75
Wonder_132,4,3,4,5,3,5,4,4,4
Wonder_133,4,4,4,5,3,5,4,4,4.125
Wonder_134,4,4,4,5,3,5,4,4,4.125
Wonder_135,3,3,3,4,3,3,3,3,3.125
Wonder_136,3,3,3,4,3,3,3,3,3.125
Wonder_137,4,3,3,4,3,3,3,4,3.375
Wonder_138,2,2,2,2,3,2,1,1,1.875
Wonder_139,2,3,1,2,3,2,1,2,2
Wonder_140,3,3,2,2,3,4,3,2,2.75
Wonder_141,3,2,2,2,3,3,2,2,2.375
Wonder_142,3,3,2,4,3,3,3,3,3
Wonder_143,4,3,3,4,3,5,4,4,3.75
Wonder_144,4,4,4,5,3,5,3,5,4.125
Wonder_145,2,3,4,5,3,5,3,5,3.75
Wonder_146,3,4,3,4,3,3,3,3,3.25
Wonder_147,4,4,4,5,3,4,3,4,3.875
Wonder_148,3,4,4,5,3,4,4,4,3.875
Wonder_149,4,4,3,5,3,4,4,4,3.875
Wonder_150,3,4,4,5,3,4,4,5,4
Wonder_151,4,4,3,5,3,5,4,5,4.125
Wonder_152,4,5,4,5,3,5,4,5,4.375
Wonder_153,4,4,5,5,3,5,4,5,4.375
Wonder_154,4,4,5,5,4,5,4,5,4.5
TheBlindSide_000,3,4,4,4,3,3,4,3,3.5
TheBlindSide_001,3,3,4,5,3,2,3,3,3.25
TheBlindSide_002,3,3,3,4,3,3,3,4,3.25
TheBlindSide_003,4,3,3,4,3,3,3,4,3.375
TheBlindSide_004,4,3,4,4,3,3,3,4,3.5
TheBlindSide_005,4,4,4,5,4,3,3,4,3.875
TheBlindSide_006,3,3,3,3,3,2,2,2,2.625
TheBlindSide_007,3,2,2,2,2,2,2,2,2.125
TheBlindSide_008,4,4,3,4,3,3,3,2,3.25
TheBlindSide_009,4,4,3,4,3,3,4,4,3.625
TheBlindSide_010,4,4,3,4,3,4,4,4,3.75
TheBlindSide_011,4,3,4,4,3,4,4,4,3.75
TheBlindSide_012,4,4,3,4,3,3,4,4,3.625
TheBlindSide_013,4,3,3,4,3,4,3,4,3.5
TheBlindSide_014,4,3,3,4,3,2,3,2,3
TheBlindSide_015,4,4,3,4,3,2,3,2,3.125
TheBlindSide_016,3,3,3,4,3,2,3,2,2.875
TheBlindSide_017,3,3,3,5,4,4,5,4,3.875
TheBlindSide_018,3,3,3,4,3,4,4,3,3.375
TheBlindSide_019,4,4,4,4,4,5,4,4,4.125
TheBlindSide_020,3,4,4,5,4,3,4,4,3.875
TheBlindSide_021,3,4,4,5,4,4,4,4,4
TheBlindSide_022,4,4,3,5,4,5,4,4,4.125
TheBlindSide_023,3,3,3,4,3,5,3,2,3.25
TheBlindSide_024,3,2,3,3,3,2,2,2,2.5
TheBlindSide_025,4,3,3,4,3,2,4,4,3.375
TheBlindSide_026,3,2,3,4,3,2,2,2,2.625
TheBlindSide_027,3,2,2,3,3,2,2,2,2.375
TheBlindSide_028,3,2,3,2,2,1,3,2,2.25
TheBlindSide_029,3,3,3,4,3,1,3,4,3
TheBlindSide_030,4,3,3,4,3,3,3,3,3.25
TheBlindSide_031,3,4,3,5,4,4,4,3,3.75
TheBlindSide_032,3,4,4,5,4,3,4,4,3.875
TheBlindSide_033,4,4,4,5,4,4,5,4,4.25
TheBlindSide_034,3,3,4,5,4,4,4,3,3.75
TheBlindSide_035,2,4,4,2,2,2,4,2,2.75
TheBlindSide_036,4,4,4,4,3,3,4,4,3.75
TheBlindSide_037,4,3,4,4,3,4,4,4,3.75
TheBlindSide_038,4,3,4,5,4,4,4,2,3.75
TheBlindSide_039,4,4,4,5,4,3,4,4,4
TheBlindSide_040,3,3,3,4,3,2,3,2,2.875
TheBlindSide_041,3,2,2,4,3,3,3,4,3
TheBlindSide_042,3,2,2,3,3,3,3,4,2.875
TheBlindSide_043,3,2,2,3,3,2,3,2,2.5
TheBlindSide_044,3,2,2,3,2,2,2,2,2.25
TheBlindSide_045,3,3,3,4,4,4,4,4,3.625
TheBlindSide_046,4,4,5,5,4,3,4,4,4.125
TheBlindSide_047,4,4,4,5,3,3,4,4,3.875
TheBlindSide_048,4,3,5,5,4,3,4,3,3.875
TheBlindSide_049,4,4,4,5,4,5,4,4,4.25
TheBlindSide_050,4,3,4,4,4,3,4,4,3.75
TheBlindSide_051,3,2,3,4,3,3,4,4,3.25
TheBlindSide_052,4,4,4,5,3,4,4,4,4
TheBlindSide_053,4,3,4,5,3,3,3,3,3.5
TheBlindSide_054,3,4,4,5,3,3,4,4,3.75
TheBlindSide_055,4,4,5,5,4,2,5,4,4.125
TheBlindSide_056,4,3,5,5,4,3,5,4,4.125
TheBlindSide_057,4,2,3,4,3,3,3,2,3
TheBlindSide_058,4,3,4,4,4,3,4,3,3.625
TheBlindSide_059,4,4,4,5,4,5,4,4,4.25
TheBlindSide_060,4,4,4,5,4,5,4,4,4.25
TheBlindSide_061,4,4,4,5,3,4,4,4,4
TheBlindSide_062,4,4,4,5,4,4,4,4,4.125
TheBlindSide_063,4,4,3,5,4,3,3,4,3.75
TheBlindSide_064,4,4,4,5,4,3,3,1,3.5
TheBlindSide_065,4,2,2,4,3,3,3,4,3.125
TheBlindSide_066,3,3,1,4,3,1,3,3,2.625
TheBlindSide_067,3,4,2,4,3,2,3,3,3
TheBlindSide_068,3,4,3,5,3,4,4,4,3.75
TheBlindSide_069,4,4,4,5,3,4,4,3,3.875
TheBlindSide_070,4,3,3,5,3,3,3,4,3.5
TheBlindSide_071,3,3,3,4,3,3,3,3,3.125
TheBlindSide_072,3,4,4,4,3,4,3,3,3.5
TheBlindSide_073,4,4,3,4,4,3,3,4,3.625
TheBlindSide_074,3,3,3,4,3,3,4,4,3.375
TheBlindSide_075,3,3,3,4,3,3,4,2,3.125
TheBlindSide_076,3,3,3,4,3,3,4,4,3.375
TheBlindSide_077,4,4,4,5,3,5,4,4,4.125
TheBlindSide_078,4,4,4,5,4,3,4,4,4
TheBlindSide_079,4,5,4,5,4,5,4,4,4.375
TheBlindSide_080,4,3,4,5,4,5,4,4,4.125
TheBlindSide_081,2,2,2,3,2,1,2,2,2
TheBlindSide_082,2,2,2,2,2,2,2,2,2
TheBlindSide_083,3,2,2,3,3,3,3,2,2.625
TheBlindSide_084,3,3,2,4,3,5,3,4,3.375
TheBlindSide_085,3,2,3,3,3,2,3,2,2.625
TheBlindSide_086,3,2,3,4,3,2,3,2,2.75
TheBlindSide_087,3,3,3,4,3,4,3,3,3.25
TheBlindSide_088,4,4,4,5,4,4,3,4,4
TheBlindSide_089,4,4,4,5,4,4,4,4,4.125
TheBlindSide_090,3,3,4,5,4,5,4,4,4
TheBlindSide_091,4,4,4,5,4,4,4,4,4.125
TheBlindSide_092,4,4,4,5,4,4,4,4,4.125
TheBlindSide_093,4,4,4,5,4,5,4,5,4.375
Gifted_000,3,4,4,4,3,3,4,4,3.625
Gifted_001,4,4,4,5,4,2,4,4,3.875
Gifted_002,3,3,4,5,3,2,4,4,3.5
Gifted_003,4,4,3,5,3,2,3,4,3.5
Gifted_004,3,4,4,4,4,2,3,3,3.375
Gifted_005,4,3,4,4,3,3,3,4,3.5
Gifted_006,4,4,3,5,3,4,4,4,3.875
Gifted_007,3,4,3,5,4,4,3,4,3.75
Gifted_008,4,5,3,5,4,4,4,4,4.125
Gifted_009,3,3,3,4,3,2,3,2,2.875
Gifted_010,4,4,3,4,4,1,3,4,3.375
Gifted_011,4,3,3,4,3,2,4,2,3.125
Gifted_012,3,2,3,3,3,2,3,3,2.75
Gifted_013,4,2,3,3,3,2,3,2,2.75
Gifted_014,4,2,3,2,3,2,3,2,2.625
Gifted_015,3,3,2,2,3,2,3,2,2.5
Gifted_016,4,3,3,3,3,2,3,2,2.875
Gifted_017,3,3,3,3,3,1,2,2,2.5
Gifted_018,3,2,3,3,3,1,3,2,2.5
Gifted_019,3,2,2,3,2,1,3,2,2.25
Gifted_020,3,2,2,3,2,1,3,2,2.25
Gifted_021,4,3,3,3,3,1,3,4,3
Gifted_022,3,2,2,2,3,1,2,2,2.125
Gifted_023,3,3,3,4,3,3,3,3,3.125
Gifted_024,4,4,4,5,3,4,3,4,3.875
Gifted_025,4,4,4,5,4,5,4,4,4.25
Gifted_026,4,4,4,5,4,5,4,4,4.25
Gifted_027,2,2,2,3,2,2,3,2,2.25
Gifted_028,2,1,2,2,2,1,2,2,1.75
Gifted_029,4,3,2,4,3,2,3,2,2.875
Gifted_030,3,3,3,4,3,2,3,4,3.125
Gifted_031,3,3,3,4,3,3,3,2,3
Gifted_032,3,3,3,4,3,3,4,2,3.125
Gifted_033,3,3,4,4,3,3,3,4,3.375
Gifted_034,3,3,3,4,3,2,3,2,2.875
Gifted_035,3,3,3,4,3,2,3,3,3
Gifted_036,3,3,3,4,3,3,3,3,3.125
Gifted_037,3,3,3,4,3,3,3,2,3
Gifted_038,4,3,3,4,3,1,2,2,2.75
Gifted_039,4,4,4,4,3,4,4,4,3.875
Gifted_040,4,4,4,4,4,5,4,2,3.875
Gifted_041,3,3,4,4,3,4,3,2,3.25
Gifted_042,3,3,4,4,3,4,3,3,3.375
Gifted_043,4,3,3,4,3,4,2,2,3.125
Gifted_044,3,4,3,4,3,5,4,4,3.75
Gifted_045,3,4,3,4,3,4,3,4,3.5
Gifted_046,4,3,3,4,4,3,3,2,3.25
Gifted_047,3,2,3,4,3,3,2,2,2.75
Gifted_048,4,3,3,4,3,3,3,3,3.25
Gifted_049,4,4,4,4,4,5,4,4,4.125
Gifted_050,3,4,4,5,4,5,5,4,4.25
Gifted_051,4,2,3,5,4,4,4,2,3.5
Gifted_052,2,2,2,3,2,2,2,2,2.125
Gifted_053,2,1,1,2,2,1,2,1,1.5
Gifted_054,2,3,2,4,2,1,2,1,2.125
Gifted_055,2,4,2,4,2,1,4,1,2.5
Gifted_056,3,5,3,4,3,2,4,4,3.5
Gifted_057,4,5,3,5,4,5,4,4,4.25
Gifted_058,3,3,3,3,2,2,2,2,2.5
Gifted_059,3,2,3,3,3,2,2,2,2.5
Gifted_060,3,2,3,3,2,2,2,2,2.375
Gifted_061,3,3,3,3,3,2,3,2,2.75
Gifted_062,3,2,3,3,3,2,2,2,2.5
Gifted_063,3,3,3,4,3,2,3,2,2.875
Gifted_064,3,4,4,5,4,4,4,4,4
Gifted_065,4,4,4,5,4,4,4,4,4.125
Gifted_066,4,4,4,5,4,4,4,5,4.25
TheJudge_000,4,3,3,4,3,2,3,2,3
TheJudge_001,4,4,3,4,4,3,4,4,3.75
TheJudge_002,3,3,3,3,3,1,3,3,2.75
TheJudge_003,3,2,3,2,3,1,2,2,2.25
TheJudge_004,3,2,2,2,3,1,2,2,2.125
TheJudge_005,4,3,3,3,3,1,3,2,2.75
TheJudge_006,3,2,3,4,3,3,3,2,2.875
TheJudge_007,3,3,3,4,3,3,2,2,2.875
TheJudge_008,3,3,3,4,3,3,3,4,3.25
TheJudge_009,4,3,3,4,3,3,3,2,3.125
TheJudge_010,3,3,3,4,3,3,3,3,3.125
TheJudge_011,4,2,3,4,3,3,2,3,3
TheJudge_012,3,2,2,4,3,2,2,2,2.5
TheJudge_013,3,2,3,4,3,2,3,3,2.875
TheJudge_014,3,2,2,4,3,2,3,2,2.625
TheJudge_015,4,3,3,4,3,2,2,3,3
TheJudge_016,4,3,2,4,3,1,2,2,2.625
TheJudge_017,4,4,2,4,3,3,2,4,3.25
TheJudge_018,4,3,2,4,3,2,2,2,2.75
TheJudge_019,4,4,3,4,3,3,3,4,3.5
TheJudge_020,4,3,4,4,3,4,3,2,3.375
TheJudge_021,3,3,3,4,3,3,3,3,3.125
TheJudge_022,3,2,3,4,3,3,2,2,2.75
TheJudge_023,4,2,2,4,3,2,3,2,2.75
TheJudge_024,3,2,2,4,3,4,3,2,2.875
TheJudge_025,3,3,3,4,4,3,3,3,3.25
TheJudge_026,4,3,3,4,4,2,2,3,3.125
TheJudge_027,3,3,4,5,3,2,4,4,3.5
TheJudge_028,4,4,4,5,3,4,4,4,4
TheJudge_029,4,3,3,4,3,3,3,3,3.25
TheJudge_030,4,4,3,4,3,2,2,4,3.25
TheJudge_031,4,4,3,4,3,2,2,4,3.25
TheJudge_032,4,3,2,3,3,3,3,2,2.875
TheJudge_033,4,2,2,3,3,2,2,2,2.5
TheJudge_034,3,2,2,2,3,1,1,2,2
TheJudge_035,3,2,2,3,3,1,1,2,2.125
TheJudge_036,4,2,2,4,3,3,3,2,2.875
TheJudge_037,3,1,2,3,3,2,3,2,2.375
TheJudge_038,4,2,2,2,3,2,2,3,2.5
TheJudge_039,3,2,2,3,3,2,2,2,2.375
TheJudge_040,3,2,2,2,3,2,3,2,2.375
TheJudge_041,2,2,2,2,2,2,1,2,1.875
TheJudge_042,2,2,2,2,2,2,1,2,1.875
TheJudge_043,3,2,2,4,3,2,3,2,2.625
TheJudge_044,2,2,2,3,2,2,2,2,2.125
TheJudge_045,2,1,2,2,3,2,1,3,2
TheJudge_046,3,3,3,4,3,2,3,4,3.125
TheJudge_047,3,3,3,5,3,5,3,4,3.625
TheJudge_048,3,4,3,5,3,5,4,4,3.875
TheJudge_049,3,3,3,5,3,5,4,4,3.75
TheJudge_050,3,4,3,5,3,5,4,4,3.875
TheJudge_051,4,2,3,4,3,3,3,4,3.25
TheJudge_052,3,2,3,4,3,3,3,2,2.875
TheJudge_053,3,3,3,4,3,3,3,4,3.25
TheJudge_054,3,2,3,4,3,3,3,2,2.875
TheJudge_055,4,3,3,4,3,4,4,4,3.625
TheJudge_056,3,3,3,4,3,3,3,3,3.125
TheJudge_057,2,2,3,4,2,3,2,2,2.5
TheJudge_058,2,2,2,3,3,2,2,2,2.25
TheJudge_059,3,2,3,3,3,2,2,2,2.5
TheJudge_060,2,2,3,4,3,2,3,2,2.625
TheJudge_061,3,2,3,4,3,2,3,2,2.75
TheJudge_062,4,4,3,4,3,2,3,4,3.375
TheJudge_063,4,4,4,5,4,3,4,4,4
TheJudge_064,4,4,4,5,3,3,3,4,3.75
TheJudge_065,4,4,4,5,3,3,3,4,3.75
TheJudge_066,4,4,3,5,4,4,4,3,3.875
TheJudge_067,4,4,4,4,3,2,3,4,3.5
TheJudge_068,4,4,4,5,4,4,4,4,4.125
TheJudge_069,4,3,4,5,3,3,3,4,3.625
TheJudge_070,3,2,3,4,3,3,3,2,2.875
TheJudge_071,3,2,3,4,3,4,3,3,3.125
TheJudge_072,3,2,3,4,3,3,2,4,3
TheJudge_073,3,2,3,4,3,2,2,3,2.75
TheJudge_074,3,2,3,4,3,2,2,2,2.625
TheJudge_075,4,3,4,5,4,3,3,4,3.75
TheJudge_076,4,4,3,5,3,4,3,4,3.75
TheJudge_077,4,4,4,5,3,4,2,3,3.625
TheJudge_078,4,4,3,5,4,4,3,4,3.875
TheJudge_079,4,4,4,5,4,4,4,3,4
TheJudge_080,3,4,3,5,3,3,4,4,3.625
TheJudge_081,4,4,3,4,3,2,3,3,3.25
TheJudge_082,2,3,3,4,3,2,2,2,2.625
TheJudge_083,3,3,3,4,3,3,3,2,3
TheJudge_084,2,2,2,2,2,2,2,2,2
TheJudge_085,2,3,2,2,2,2,2,2,2.125
TheJudge_086,3,3,3,3,2,2,2,4,2.75
TheJudge_087,4,4,3,4,3,2,3,4,3.375
TheJudge_088,4,4,4,5,3,2,3,4,3.625
TheJudge_089,4,3,4,5,3,4,3,4,3.75
TheJudge_090,3,4,4,5,3,4,3,4,3.75
TheJudge_091,4,4,4,5,3,4,4,4,4
TheJudge_092,3,3,4,2,3,2,2,2,2.625
TheJudge_093,2,2,4,2,2,2,2,2,2.25
TheJudge_094,4,4,4,5,3,4,4,4,4
TheJudge_095,3,3,3,4,3,2,3,4,3.125
TheJudge_096,3,3,3,4,3,3,3,4,3.25
TheJudge_097,3,3,3,4,3,4,3,3,3.25
TheJudge_098,3,3,3,4,3,3,2,3,3
TheJudge_099,4,3,3,4,4,3,3,4,3.5
TheJudge_100,3,3,3,4,3,2,3,2,2.875
TheJudge_101,3,3,3,4,3,3,3,4,3.25
TheJudge_102,4,3,4,4,3,5,4,4,3.875
TheJudge_103,3,4,4,4,3,5,4,4,3.875
TheJudge_104,2,2,2,2,2,1,1,2,1.75
TheJudge_105,2,2,1,1,2,1,2,2,1.625
TheJudge_106,2,1,1,1,2,1,1,2,1.375
TheJudge_107,2,2,1,2,2,1,2,2,1.75
TheJudge_108,2,2,1,2,2,1,1,1,1.5
TheJudge_109,2,2,1,2,2,1,2,2,1.75
TheJudge_110,1,1,1,1,2,1,1,1,1.125
TheJudge_111,2,2,1,1,2,1,1,2,1.5
TheJudge_112,1,1,1,2,1,1,1,2,1.25
TheJudge_113,3,3,2,4,3,2,3,3,2.875
TheJudge_114,3,2,2,4,3,2,4,3,2.875
TheJudge_115,2,2,2,4,2,2,2,2,2.25
TheJudge_116,3,2,2,3,2,2,2,2,2.25
TheJudge_117,3,2,3,4,3,3,3,4,3.125
TheJudge_118,3,3,3,4,3,3,3,3,3.125
TheJudge_119,4,3,3,5,4,3,3,3,3.5
TheJudge_120,3,2,3,4,3,4,4,2,3.125
TheJudge_121,3,3,3,4,3,4,3,4,3.375
TheJudge_122,3,2,2,3,3,2,2,2,2.375
TheJudge_123,4,3,3,4,3,2,3,2,3
TheJudge_124,3,2,2,3,2,1,2,2,2.125
TheJudge_125,2,2,2,2,2,1,2,2,1.875
TheJudge_126,4,3,3,3,3,2,3,4,3.125
TheJudge_127,3,3,3,4,3,1,2,2,2.625
TheJudge_128,3,2,3,3,3,1,2,2,2.375
TheJudge_129,3,2,3,4,3,2,4,3,3
TheJudge_130,3,2,3,3,3,2,3,2,2.625
TheJudge_131,3,2,3,3,3,2,2,2,2.5
TheJudge_132,2,2,2,3,2,1,4,4,2.5
TheJudge_133,2,1,2,3,2,1,4,5,2.5
TheJudge_134,2,2,2,4,2,1,4,4,2.625
TheJudge_135,2,1,1,3,1,1,3,5,2.125
TheJudge_136,3,2,3,4,3,3,4,3,3.125
TheJudge_137,3,3,3,4,3,2,4,3,3.125
TheJudge_138,3,4,3,4,3,2,3,2,3
TheJudge_139,4,4,3,4,3,2,3,4,3.375
TheJudge_140,4,4,3,4,3,2,3,4,3.375
TheJudge_141,4,3,3,4,3,3,3,3,3.25
TheJudge_142,3,3,3,4,2,2,2,3,2.75
TheJudge_143,3,4,3,5,3,4,4,4,3.75
TheJudge_144,3,2,1,2,2,5,2,2,2.375
TheJudge_145,2,2,1,2,2,5,2,2,2.25
TheJudge_146,4,4,3,4,4,4,4,4,3.875
TheJudge_147,4,4,3,5,4,4,4,5,4.125
TheJudge_148,4,4,3,5,4,5,4,5,4.25
TheJudge_149,4,3,2,4,3,3,3,4,3.25
TheJudge_150,3,3,3,5,3,4,3,3,3.375
TheJudge_151,4,4,3,5,3,4,3,4,3.75
TheJudge_152,4,3,3,5,3,3,3,4,3.5
TheJudge_153,4,4,3,5,3,4,4,4,3.875
